alleledefinitionid	locationid	variantallele	version
778218	778210	G	1
778218	778211	T	1
778218	778214	C	1
778218	778215	C	1
778218	948626	A	1
779392	779362	G	1
779392	779363	C	1
779392	779364	A	1
779392	779365	C	1
779392	779366	C	1
779392	779367	T	1
779392	779368	T	1
779392	779369	G	1
779392	779370	C	1
779392	779371	C	1
779392	779372	C	1
779392	779373	G	1
779392	779374	C	1
779392	779375	C	1
779392	779376	T	1
779392	779377	G	1
779392	779378	A	1
779392	779379	C	1
779392	779380	T	1
779392	779381	C	1
779392	779382	A	1
779392	779383	A	1
779392	779384	C	1
779392	779385	A	1
779392	779386	C	1
779392	779387	A	1
779392	779388	C	1
779392	779389	A	1
779392	779390	T	1
779392	779391	T	1
779394	779361	G	1
779396	779372	T	1
779396	779391	C	1
779398	779372	T	1
779400	779391	C	1
779402	779384	T	1
779404	779355	G	1
779406	779380	A	1
779408	779389	C	1
779410	779386	T	1
779412	779367	G	1
779414	779371	G	1
779416	779370	T	1
779418	779369	A	1
779420	779351	A	1
779422	779349	C	1
779424	779375	T	1
779426	779374	T	1
779428	779354	C	1
779430	779358	T	1
779432	779368	G	1
779434	779390	C	1
779436	779357	C	1
779438	779374	G	1
779440	779377	C	1
779442	779379	A	1
1508724	1508723	G	1
1508726	1508723	T	1
779444	779385	G	1
779446	779383	G	1
779448	779364	C	1
779450	779366	G	1
779452	779350	G	1
779454	779353	T	1
779456	779382	G	1
779458	779365	T	1
779460	779373	A	1
779462	779362	A	1
779464	779356	G	1
779466	779381	T	1
779468	779387	T	1
779470	779378	G	1
779472	779359	A	1
779474	779388	T	1
779476	779391	G	1
779478	779352	insT	1
779480	779360	A	1
779480	779363	T	1
779482	779376	C	1
778222	778211	C	1
778228	778214	T	1
778230	948626	AA	1
778232	778210	A	1
778234	778215	T	1
779488	779484	C	1
779488	1000510	TA(7)	1
779488	779486	G	1
779488	779487	C	1
779490	779486	A	1
779492	779487	A	1
779494	1000510	TA(8)	1
779496	1000510	TA(6)	1
779498	1000510	TA(9)	1
779500	779484	T	1
779502	779484	T	1
779502	1000510	TA(8)	1
779504	779484	T	1
779504	1000510	TA(9)	1
777262	777260	G	1
777262	777261	C	1
777264	777260	A	1
777266	777261	T	1
778238	2784565	G	1
778238	6235852	G	1
778238	4058570	T	1
778238	3318569	C	1
778238	6235855	G	1
778238	778237	C	1
778238	3318567	G	1
778238	3318566	C	1
778238	2784563	C	1
778238	6235860	G	1
778238	6235861	G	1
778238	3318564	C	1
778238	6235863	C	1
778238	3318563	G	1
778238	6235865	T	1
778238	3318562	G	1
778238	3318561	C	1
778238	3318560	G	1
778238	2784562	C	1
778238	778236	A	1
778240	778236	C	1
778242	778237	T	1
2784572	778237	T	1
2784572	778236	C	1
2784574	2784565	T	1
2784576	2784563	A	1
2784578	2784562	G	1
3318585	3318560	A	1
3318587	3318561	T	1
3318589	3318562	T	1
3318591	3318563	A	1
3318593	3318564	T	1
3318595	3318566	A	1
3318597	3318567	C	1
3318599	3318569	T	1
4058604	4058570	C	1
6235905	6235863	T	1
6235907	6235852	C	1
6235909	6235860	A	1
6235911	6235855	A	1
6235913	778237	T	1
6235913	6235865	C	1
6235915	2784565	T	1
6235915	6235861	A	1
779507	779506	C	1
779509	779506	T	1
778327	778244	G	1
778327	778245	G	1
778327	778246	C	1
778327	778247	A	1
778327	948658	ATGA(2)	1
778327	778249	C	1
778327	778250	T	1
778327	778251	T	1
778327	778252	T	1
778327	778253	C	1
778327	778254	C	1
778327	778255	T	1
778327	778256	T	1
778327	778257	T	1
778327	778258	G	1
778327	778259	T	1
778327	778260	T	1
778327	778261	A	1
778327	778262	G	1
778327	778263	C	1
778327	778264	C	1
778327	778265	C	1
778327	778266	G	1
778327	778267	T	1
778327	778268	G	1
778327	778270	C	1
778327	778271	G	1
778327	778272	C	1
778327	778273	C	1
778327	778269	C	1
778327	778274	A	1
778327	778275	C	1
778327	778276	C	1
778327	778277	A	1
778327	778278	G	1
778327	778279	G	1
778327	778280	G	1
778327	778281	G	1
778327	778282	G	1
778327	778283	T	1
778327	778284	C	1
778327	778285	C	1
778327	778286	G	1
778327	778287	C	1
778327	778288	C	1
778327	778289	T	1
778327	778290	A	1
778327	778291	C	1
778327	778292	G	1
778327	778293	C	1
778327	778294	C	1
778327	778295	A	1
778327	778296	A	1
778327	948707	G	1
778327	778298	G	1
778327	778299	C	1
778327	778300	T	1
778327	778301	C	1
778327	778302	C	1
778327	778303	C	1
778327	778304	G	1
778327	778305	C	1
778327	778306	A	1
778327	778307	G	1
778327	778308	G	1
778327	778309	G	1
778327	778310	C	1
778327	778311	T	1
778327	778312	T	1
778327	778313	C	1
778327	778314	G	1
778327	778315	C	1
778327	778316	T	1
778327	778317	T	1
778327	778318	T	1
778327	778319	T	1
778327	778320	T	1
778327	778322	G	1
778327	778321	A	1
778327	778323	C	1
778327	778324	C	1
778327	778325	C	1
778327	778326	G	1
778329	778244	C	1
778331	778245	A	1
778333	778246	T	1
778335	778247	G	1
778337	948658	ATGA(1)	1
778339	778249	T	1
778341	778250	C	1
778343	778251	C	1
778345	778252	C	1
778347	778253	T	1
778349	778254	T	1
778351	778255	C	1
778353	778256	G	1
778355	778257	C	1
778357	778258	A	1
778359	778259	C	1
778361	778260	C	1
778363	778261	G	1
778365	778262	A	1
778367	778263	T	1
778369	778264	A	1
778371	778265	T	1
778373	778266	A	1
778375	778267	C	1
3942827	778268	C	1
778377	778268	C	1
778377	778269	T	1
778379	778270	A	1
778381	778271	A	1
778383	778272	A	1
778385	778273	T	1
778387	778274	T	1
778389	778275	A	1
778391	778276	T	1
778393	778277	C	1
778395	778278	A	1
778397	778279	C	1
778399	778280	A	1
778401	778281	T	1
778403	778282	A	1
778405	778283	C	1
777307	777268	G	1
777307	777269	C	1
777307	777270	C	1
777307	6355113	G	1
777307	777272	G	1
777307	777271	C	1
777307	6355116	C	1
777307	6355117	G	1
777307	6355118	G	1
777307	6355119	T	1
777307	6355120	A	1
777307	6355121	G	1
777307	6355122	A	1
777307	777275	G	1
777307	6355124	G	1
777307	6355125	A	1
777307	777276	G	1
777307	6355127	G	1
777307	777303	A	1
777307	777277	T	1
777307	6355130	C	1
777307	6355131	C	1
777307	6355132	G	1
777307	6355133	T	1
777307	6355134	TTC	1
777307	6355135	G	1
777307	6355136	T	1
777307	6355137	C	1
777307	6355138	T	1
778407	778284	T	1
778409	778285	T	1
778411	778286	C	1
778413	778287	T	1
778415	778288	T	1
778417	778289	C	1
778419	778290	C	1
778421	778291	A	1
778423	778292	A	1
778425	778293	T	1
778427	778294	T	1
778429	778295	G	1
778431	778296	G	1
778433	948707	delG	1
778435	778298	C	1
778437	778299	T	1
778439	778300	G	1
778441	778301	A	1
778443	778302	T	1
778445	778303	T	1
778447	778304	A	1
778449	778305	T	1
778451	778306	C	1
778453	778307	A	1
778455	778308	T	1
778457	778309	T	1
778459	778310	T	1
778461	778311	C	1
778463	778312	G	1
778465	778313	A	1
778467	778314	A	1
778469	778315	T	1
778471	778316	A	1
778473	778317	C	1
778475	778318	C	1
778477	778319	A	1
778479	778320	C	1
778483	778322	A	1
778481	778321	C	1
778485	778323	A	1
778487	778324	T	1
778489	778325	G	1
778491	778326	T	1
778666	778493	G	1
778666	778494	C	1
778666	778495	C	1
778666	778496	T	1
778666	778497	T	1
778666	778498	GAT	1
778666	778499	A	1
778666	778500	C	1
778666	778501	G	1
778666	778502	A	1
778666	778503	G	1
778666	778504	C	1
778666	778505	G	1
778666	778506	C	1
778666	778507	C	1
778666	778508	A	1
778666	778509	AGA	1
778666	2406779	G	1
778666	778511	A	1
778666	778512	C	1
778666	778513	A	1
778666	778514	T	1
778666	778515	A	1
778666	778516	G	1
778666	778517	C	1
778666	778518	G	1
778666	778519	TCT	1
778666	778520	C	1
778666	778521	G	1
778666	778522	A	1
778666	778523	C	1
778666	778524	A	1
778666	778525	C	1
778666	778526	T	1
778666	778527	C	1
778666	2406797	A	1
778666	778529	G	1
778666	778530	C	1
778666	778531	T	1
778666	778532	G	1
778666	778533	G	1
778666	778534	C	1
778666	778535	G	1
778666	778536	C	1
778666	778537	C	1
778666	778538	C	1
778666	778539	C	1
778666	778540	C	1
778666	778541	T	1
778666	778542	G	1
778666	778543	C	1
778666	778544	G	1
778666	778545	A	1
778666	778546	G	1
778666	778547	T	1
778666	778548	T	1
778666	778549	T	1
778666	778550	G	1
778666	778551	GAG	1
778666	778552	G	1
778666	778553	G	1
778666	778554	G	1
778666	2406824	C	1
778666	778556	T	1
778666	778557	T	1
778666	778558	C	1
778666	778559	A	1
778666	778560	G	1
778666	2406830	C	1
778666	778562	TGT	1
778666	778563	C	1
778666	778564	G	1
778666	778565	T	1
778666	778566	AGTGCC	1
778666	778567	G	1
778666	778568	C	1
778666	778569	C	1
778666	778570	C	1
778666	778571	T	1
778666	778572	C	1
778666	778573	G	1
778666	778574	A	1
778666	778575	G	1
778666	2406845	T	1
778666	2406846	C	1
778666	778578	T	1
778666	778579	G	1
778666	778580	A	1
778666	778581	G	1
778666	778582	C	1
778666	778583	C	1
778666	778584	C	1
778666	778585	C	1
778666	778586	C	1
778666	778587	C	1
778666	778588	C	1
778666	778589	GGGGTCGTCCAGGTACCCTTTGGT	1
778666	778590	C	1
778666	778591	A	1
778666	778592	A	1
778666	778593	G	1
778666	778594	C	1
778666	778595	GGT	1
778666	778596	C	1
778666	778597	G	1
778666	778598	T	1
778666	778599	G	1
778666	778600	T	1
778666	778601	C	1
778666	778602	C	1
778666	778603	G	1
778666	778604	C	1
778666	778605	G	1
778666	778606	GGCCTTGCGCTCGTTCAG	1
778666	2406876	G	1
778666	778608	T	1
778666	778609	C	1
778666	778610	T	1
778666	778611	A	1
778666	778612	A	1
778666	778613	A	1
778666	778614	C	1
778666	778615	G	1
778666	778616	T	1
778666	778617	G	1
778666	778618	C	1
778666	778619	T	1
778666	778620	T	1
778666	778621	A	1
778666	778622	G	1
778666	778623	C	1
778666	778624	C	1
778666	778625	G	1
778666	778626	C	1
778666	778627	T	1
778666	778628	G	1
778666	778629	C	1
778666	778630	T	1
778666	778631	G	1
778666	778632	G	1
778666	778633	C	1
778666	2406903	C	1
778666	778635	T	1
778666	778636	C	1
778666	778637	G	1
778666	778638	G	1
778666	778639	C	1
778666	778640	A	1
778666	778641	G	1
778666	778642	C	1
778666	778643	G	1
778666	778644	C	1
778666	778645	T	1
778666	778646	C	1
778666	778647	A	1
778666	778648	G	1
778666	778649	C	1
778666	778650	C	1
778666	778651	T	1
778666	2406921	C	1
778666	778653	C	1
778666	2406923	G	1
778666	778655	C	1
778666	778656	C	1
778666	778657	G	1
778666	778658	T	1
778666	778659	G	1
778666	778660	C	1
778666	778661	C	1
778666	778662	G	1
778666	778663	G	1
778666	778664	TTC	1
778666	778665	A	1
778714	778512	T	1
778714	778526	C	1
778714	778637	C	1
778752	778526	C	1
778712	778512	T	1
778712	778526	C	1
778748	778526	C	1
778748	2406830	A	1
778750	778526	C	1
778750	778592	G	1
778916	2406876	C	1
778962	778630	G	1
778742	778526	C	1
778742	778535	C	1
778950	778624	G	1
778702	2406779	T	1
779006	778651	A	1
778700	778509	delAGA	1
778956	778627	C	1
778746	778526	C	1
778746	778583	T	1
779002	778649	T	1
779036	778663	A	1
778708	778512	T	1
778826	778563	T	1
778686	778502	G	1
778836	778568	T	1
778858	2406846	A	1
778844	778572	G	1
779008	2406921	A	1
779008	778665	C	1
778738	778524	G	1
778952	778625	A	1
778766	778533	A	1
778938	778618	T	1
779038	778664	delTTC	1
779034	778662	A	1
778762	778531	G	1
778922	778610	C	1
779032	778661	A	1
779012	2406921	A	1
778994	778646	G	1
778894	778596	T	1
778794	778548	A	1
778854	2406845	A	1
778900	778599	A	1
778816	778558	A	1
778816	778600	A	1
778840	778570	T	1
778960	778629	T	1
778804	778554	A	1
779010	2406921	G	1
778698	778508	G	1
778958	778628	T	1
778740	778525	A	1
778740	778527	A	1
778740	2406797	G	1
778740	778529	A	1
778810	778556	C	1
778830	778565	C	1
778888	778593	T	1
779004	778650	G	1
779018	2406923	T	1
779030	778660	T	1
778896	778597	T	1
778674	778496	C	1
778978	778638	T	1
778680	778499	G	1
778774	778538	G	1
778936	778617	A	1
778726	778518	A	1
778852	2406845	C	1
778734	778522	T	1
778818	778559	C	1
778998	778647	T	1
778940	778619	C	1
778710	778512	T	1
778710	778583	T	1
778996	778646	G	1
778996	778648	A	1
778676	778497	C	1
778676	778648	A	1
778906	778603	A	1
778770	778536	T	1
778890	778594	T	1
778934	778616	C	1
778908	778604	T	1
778970	2406903	T	1
779022	778656	T	1
778880	778588	T	1
778688	778503	A	1
779016	2406923	A	1
778692	778505	A	1
778972	2406903	G	1
778690	778504	G	1
778944	778621	G	1
778848	778574	G	1
778672	778495	T	1
778724	778517	T	1
779026	778658	G	1
778842	778571	A	1
778768	778534	T	1
778914	2406876	T	1
778878	778587	T	1
778930	778614	A	1
778932	778615	C	1
778776	778539	T	1
778796	778549	A	1
778884	778590	T	1
778984	778552	A	1
778984	778641	A	1
778800	778552	A	1
778696	778507	T	1
778822	2406830	T	1
778790	778546	C	1
778814	778558	A	1
778902	778601	G	1
778860	778578	C	1
778868	778582	T	1
778920	778609	T	1
778754	778526	C	1
778754	778617	A	1
778974	778635	C	1
778718	778514	C	1
778704	2406779	A	1
778716	778513	G	1
778788	778545	G	1
778828	778564	A	1
778784	778543	T	1
778882	778589	delGGGGTCGTCCAGGTACCCTTTGGT	1
778948	778623	T	1
779024	778657	C	1
779014	778653	G	1
778808	2406824	T	1
778668	778493	A	1
778824	778562	delTGT	1
778926	778612	G	1
778876	778586	G	1
778684	778501	C	1
778866	778581	A	1
778694	778506	T	1
778862	778579	T	1
778904	778602	A	1
778986	778642	G	1
778802	778553	C	1
778864	778580	G	1
778778	778540	T	1
778942	778620	C	1
778954	778626	T	1
778760	778530	A	1
778820	778560	A	1
778886	778591	G	1
778682	778500	T	1
778924	778611	G	1
778968	778633	A	1
778838	778569	G	1
778992	778645	C	1
778758	2406797	C	1
778744	778526	C	1
778744	778549	A	1
778806	2406824	G	1
778990	778644	T	1
778736	778523	T	1
778856	2406846	G	1
778874	778585	T	1
778910	778605	A	1
778772	778537	T	1
778792	778547	C	1
778812	778557	C	1
778730	778520	T	1
778730	778526	C	1
778670	778494	A	1
778706	778511	T	1
779028	778659	C	1
778832	778566	delAGTGCC	1
778846	778573	A	1
778982	778640	C	1
778678	778498	delGAT	1
778980	778639	T	1
778966	778632	C	1
778720	778515	G	1
778780	778541	C	1
3564276	778643	A	1
778918	778608	C	1
778976	778636	T	1
778782	778542	A	1
778928	778613	G	1
778912	778606	delGGCCTTGCGCTCGTTCAG	1
778898	778598	C	1
778798	778551	delGAG	1
778722	778516	A	1
779000	778648	A	1
778728	778519	delTCT	1
778964	778631	A	1
778764	778532	A	1
778732	778521	C	1
778732	778550	A	1
778732	778554	A	1
778756	2406797	G	1
778870	778583	T	1
778892	778595	delGGT	1
778786	778544	A	1
778834	778567	C	1
778872	778584	A	1
778850	778575	A	1
778946	778622	C	1
779020	778655	T	1
779041	779040	C	1
779043	779040	T	1
828095	828071	A	1
828095	828072	T	1
828095	828073	A	1
828095	828074	G	1
828095	896589	A	1
828095	828077	A	1
828095	828078	A	1
828095	828079	A	1
828095	7094174	G	1
828095	828081	G	1
828095	896595	C	1
828095	896596	T	1
828095	1104230	T	1
828095	828086	G	1
828095	828087	T	1
828095	828088	T	1
828095	828089	T	1
828095	828090	C	1
828095	828091	T	1
828095	828092	C	1
828095	828093	A	1
828095	828094	C	1
3827872	828071	G	1
3827874	828072	C	1
3827876	828073	G	1
3827878	828074	A	1
3827880	896589	C	1
3827882	896589	G	1
3827884	828077	G	1
3827886	828078	G	1
3827888	828079	G	1
7094208	7094174	A	1
3827892	828081	A	1
3827894	896595	delC	1
3827896	896596	G	1
3827898	1104230	delT	1
3827900	1104230	delinsCC; delinsCCC; delinsCCCC; delinsCCCCC; delinsCCCCCC; delinsCCCCCCC	1
3827902	828086	A	1
3827904	828087	C	1
3827906	828088	C	1
3827908	828089	C	1
3827910	828090	T	1
3827912	828091	C	1
3827914	828092	T	1
3827916	828093	G	1
3827918	828094	T	1
6481190	6481149	A	1
6481190	6481150	T	1
6481190	6481151	C	1
6481190	6481152	G	1
6481190	7219421	A	1
6481190	6481153	T	1
6481190	6481154	A	1
6481190	6481155	G	1
6481190	6481156	C	1
6481190	6481157	G	1
6481190	6481158	G	1
6481190	6481160	G	1
6481190	7219429	G	1
6481190	6481162	C	1
6481190	6481163	T	1
6481190	6481164	G	1
6481190	6481165	G	1
6481190	6481166	C	1
6481190	6481168	C	1
6481190	6481169	A	1
6481190	6481170	T	1
6481190	6481172	T	1
6481190	6481173	G	1
6481190	6481174	A	1
6481190	6481175	A	1
6481190	6481176	A	1
6481190	6481177	C	1
6481190	7219444	C	1
6481190	6481178	C	1
6481190	6481179	G	1
6481190	7219447	T	1
6481190	6481180	G	1
6481190	7219449	A	1
6481190	6481181	T	1
6481190	6481182	C	1
6481190	6481183	T	1
6481190	7219453	C	1
6481190	6481184	C	1
6481190	7219455	T	1
6481190	6481185	A	1
6481190	6481186	G	1
6481190	7219458	A	1
6481190	6481187	G	1
6481190	7219460	T	1
6481190	6481188	G	1
6481190	7219462	A	1
6481190	6481189	G	1
6481192	6481187	A	1
6481194	6481163	C	1
6481196	6481179	A	1
6481196	6481187	A	1
6481198	6481187	A	1
6481198	6481189	A	1
6481200	6481173	A	1
6481200	6481187	A	1
6481202	6481157	A	1
6481202	6481187	A	1
6481204	6481157	A	1
6481204	6481179	A	1
6481204	6481187	A	1
6481206	6481163	C	1
6481206	6481187	A	1
6481208	6481156	T	1
6481208	6481187	A	1
6481210	6481168	T	1
6481210	6481187	A	1
6481212	6481178	T	1
6481212	6481187	A	1
6481214	6481157	A	1
6481214	6481163	C	1
6481216	6481163	C	1
6481216	6481179	A	1
6481216	6481187	A	1
6481218	6481153	A	1
6481218	6481163	C	1
6481220	6481158	A	1
6481220	6481163	C	1
6481222	6481163	C	1
6481222	6481169	C	1
6481224	6481179	A	1
6481226	6481155	T	1
6481226	6481179	A	1
6481226	6481187	A	1
6481228	6481166	G	1
6481228	6481179	A	1
6481228	6481187	A	1
6481230	6481179	A	1
6481230	6481182	T	1
6481230	6481187	A	1
6481232	6481179	A	1
6481232	6481185	G	1
6481232	6481187	A	1
6481234	6481179	A	1
6481234	6481187	A	1
6481234	6481188	A	1
6481236	6481189	A	1
6481238	6481177	T	1
6481240	6481181	C	1
6481242	6481180	T	1
6481244	6481166	G	1
6481246	6481150	C	1
6481248	6481157	A	1
6481250	6481157	A	1
6481250	6481184	T	1
6481250	6481187	A	1
6481252	6481165	A	1
6481254	6481163	C	1
6481254	6481177	T	1
6481256	6481149	G	1
6481256	6481179	A	1
6481256	6481187	A	1
6481258	6481154	T	1
6481260	6481175	G	1
6481260	6481179	A	1
6481260	6481187	A	1
6481262	6481160	C	1
6481262	6481179	A	1
6481262	6481187	A	1
6481264	6481150	C	1
6481264	6481187	A	1
6481266	6481151	G	1
6481266	6481187	A	1
6481268	6481152	T	1
6481268	6481179	A	1
6481268	6481187	A	1
6481270	6481162	A	1
6481270	6481187	A	1
6481272	6481164	A	1
6481272	6481179	A	1
6481272	6481187	A	1
6481274	6481170	A	1
6481274	6481187	A	1
6481274	6481189	A	1
6481276	6481172	C	1
6481276	6481187	A	1
6481278	6481174	G	1
6481278	6481187	A	1
6481280	6481176	G	1
6481280	6481179	A	1
6481280	6481187	A	1
6481282	6481179	A	1
6481282	6481183	A	1
6481282	6481187	A	1
6481284	6481179	A	1
6481284	6481186	A	1
6481284	6481187	A	1
7096542	7219449	T	1
7096542	6481187	A	1
7096544	6481179	A	1
7096544	7219453	T	1
7096544	6481187	A	1
7096546	6481179	A	1
7096546	6481187	A	1
7096546	7219460	A	1
7096548	7219444	G	1
7096548	6481187	A	1
7096548	6481189	A	1
7096550	6481163	C	1
7096550	6481178	T	1
7219570	6481163	C	1
7219570	7219447	C	1
7219572	7219455	G	1
7219574	7219421	C	1
7219574	6481163	C	1
7219576	6481163	C	1
7219576	7219458	G	1
7219578	6481187	A	1
7219578	7219462	G	1
7219580	7219429	A	1
7219580	6481163	C	1
779064	779045	T	1
779064	779046	G	1
779064	949529	GAGTCG(3)	1
779064	779048	G	1
779064	779050	del	1
779064	779051	C	1
779064	779052	G	1
779064	779053	A	1
779064	779054	G	1
779064	779055	C	1
779064	949537	A	1
779064	949538	G	1
779064	779058	G	1
779064	779059	C	1
779064	5881932	G	1
779064	779060	C	1
779064	779061	G	1
779064	779062	T	1
779068	949529	GAGTCG(3) or GAGTCG(4)	1
779068	779060	T	1
779070	779061	A	1
779072	779048	A	1
779074	949529	GAGTCG(4)	1
779076	779052	C	1
779078	779053	G	1
779080	949529	GAGTCG(2)	1
779082	779045	C	1
779084	779054	A	1
779086	779055	G	1
779088	949538	GG	1
779090	779050	insCGGG	1
779092	779062	A	1
779094	779051	T	1
779096	779058	T	1
779098	949537	delA	1
779100	779046	C	1
779102	779059	G	1
5881976	5881932	C	1
779148	3684990	T	1
779148	3684991	TGA	1
779148	3684992	A	1
779148	779104	T	1
779148	3684994	G	1
779148	779105	C	1
779148	3684996	G	1
779148	3684997	C	1
779148	3684998	G	1
779148	3684999	T	1
779148	3685000	C	1
779148	3685001	C	1
779148	3685002	G	1
779148	3685003	C	1
779148	3685004	C	1
779148	3685005	G	1
779148	3685006	A	1
779148	779106	C	1
779148	3685008	G	1
779148	3685009	G	1
779148	3685010	G	1
779148	3685011	A	1
779148	3685012	G	1
779148	3685013	G	1
779148	3685014	C	1
779148	3685015	A	1
779148	3685016	G	1
779148	3685017	C	1
779148	3685018	G	1
779148	3685019	T	1
779148	3685020	A	1
779148	3685021	G	1
779148	3685022	C	1
779148	3685023	G	1
779148	779109	C	1
779148	3685025	del	1
779148	779110	G	1
779148	3685027	G	1
779148	3685028	G	1
779148	3685029	C	1
779148	3685030	C	1
779148	3685031	G	1
779148	779112	C	1
779148	3685033	C	1
779148	3685034	G	1
779148	3685035	A	1
779148	3685036	C	1
779148	3685037	T	1
779148	3685038	G	1
779148	3685039	T	1
779148	3685040	A	1
779148	779114	G	1
779148	3685042	C	1
779148	779116	G	1
779148	3824632	T	1
779148	3685046	G	1
779148	779117	C	1
779148	3685048	G	1
779148	779118	C	1
779148	779119	G	1
779148	3685051	G	1
779148	3685052	G	1
779148	3685053	C	1
779148	3685054	C	1
779148	3685055	G	1
779148	3685056	G	1
779148	3685057	G	1
779148	3685058	G	1
779148	3685059	G	1
779148	3685060	C	1
779148	3824648	G	1
779148	3685063	G	1
779148	3685064	G	1
779148	3685065	C	1
779148	3685066	C	1
779148	3685067	A	1
779148	3685068	G	1
779148	3685069	A	1
779148	3685070	A	1
779148	3685071	A	1
779148	3685072	A	1
779148	3685073	C	1
779148	3685074	C	1
779148	3685075	C	1
779148	3685076	T	1
779148	3685077	A	1
779148	3685078	G	1
779148	3685079	A	1
779148	3685080	C	1
779148	3685081	T	1
779148	3685082	C	1
779148	3685083	T	1
779148	3685084	C	1
779148	3685085	A	1
779148	3685086	T	1
779148	3685087	C	1
779148	3685088	A	1
779148	3685089	G	1
779148	3685090	T	1
779148	3685091	G	1
779148	3685092	G	1
779148	3685093	G	1
779148	3685094	C	1
779148	3685095	G	1
779148	3685096	G	1
779148	779120	C	1
779148	3685098	G	1
779148	779122	G	1
779148	3685100	A	1
779148	3685101	G	1
779148	3685102	C	1
779148	3685103	C	1
779148	779123	C	1
779148	3685105	G	1
779148	3685106	T	1
779148	3685107	G	1
779148	3685108	G	1
779148	3685109	C	1
779148	3685110	G	1
779148	3685111	C	1
779148	3685112	G	1
779148	3685113	C	1
779148	3685114	G	1
779148	3685115	A	1
779148	3685116	A	1
779148	779124	G	1
779148	3685118	T	1
779148	3685119	A	1
779148	3685120	G	1
779148	3685121	C	1
779148	3685122	G	1
779148	779125	GAG	1
779148	3685124	A	1
779148	779126	G	1
779148	3685126	G	1
779148	779127	C	1
779148	3685128	T	1
779148	3685129	G	1
779148	3685130	C	1
779148	3685131	G	1
779148	3685132	A	1
779148	3685133	C	1
779148	3685134	T	1
779148	3685135	C	1
779148	3685136	G	1
779148	3685137	A	1
779148	3685138	G	1
779148	779128	G	1
779148	3685140	A	1
779148	3685141	G	1
779148	779129	G	1
779148	3685143	G	1
779148	3685144	A	1
779148	779130	G	1
779148	3685146	G	1
779148	3685147	G	1
779148	3685148	C	1
779148	3685149	G	1
779148	779132	C	1
779148	3685151	G	1
779148	3685152	T	1
779148	779133	C	1
779148	779134	G	1
779148	779135	C	1
779148	3685156	G	1
779148	3685157	C	1
779148	3685158	C	1
779148	779137	C	1
779148	779138	G	1
779148	3685161	T	1
779148	3685162	A	1
779148	3685163	C	1
779148	3685164	C	1
779148	3685165	G	1
779148	3685166	C	1
779148	3685167	T	1
779148	3685168	G	1
779148	3685169	G	1
779148	3685170	C	1
779148	3685171	C	1
779148	3685172	G	1
779148	3685173	A	1
779148	3685174	G	1
779148	3685175	G	1
779148	3685176	C	1
779148	3685177	C	1
779148	3685178	C	1
779148	3685179	T	1
779148	3685180	T	1
779148	3685181	G	1
779148	3685182	C	1
779148	3685183	C	1
779148	3685184	C	1
779148	3685185	G	1
779148	3685186	G	1
779148	779139	G	1
779148	3685188	G	1
779148	3685189	C	1
779148	3685190	A	1
779148	3685191	T	1
779148	3685192	G	1
779148	3685193	G	1
779148	3685194	T	1
779148	3685195	T	1
779148	3685196	G	1
779148	3685197	T	1
779148	3685198	G	1
779148	3685199	C	1
779148	3685200	G	1
779148	3685201	G	1
779148	3685202	A	1
779148	3685203	C	1
779148	3685204	A	1
779148	3685205	A	1
779148	3685206	C	1
779148	3685207	G	1
779148	3685208	G	1
779148	3685209	G	1
779148	3685210	G	1
779148	3685211	G	1
779148	3685212	G	1
779148	3685213	C	1
779148	3685214	C	1
779148	3685215	C	1
779148	3685216	G	1
779148	3685217	C	1
779148	3685218	G	1
779148	3685219	G	1
779148	3685220	G	1
779148	3685221	A	1
779148	3685222	T	1
779148	3685223	A	1
779148	3685224	G	1
779148	3685225	C	1
779148	3685226	T	1
779148	3685227	C	1
779148	779140	G	1
779148	3685229	G	1
779148	3685230	A	1
779148	3685231	A	1
779148	3685232	C	1
779148	3685233	C	1
779148	3685234	C	1
779148	3685235	G	1
779148	3685236	A	1
779148	3685237	C	1
779148	3685238	A	1
779148	3685239	C	1
779148	3685240	T	1
779148	3685241	G	1
779148	3685242	G	1
779148	3685243	G	1
779148	3685244	T	1
779148	3685245	G	1
779148	3685246	A	1
779148	3685247	C	1
779148	3685248	C	1
779148	3685249	A	1
779148	3685250	G	1
779148	3685251	G	1
779148	3685252	C	1
779148	3685253	C	1
779148	3685254	C	1
779148	3685255	G	1
779148	3685256	A	1
779148	3685257	G	1
779148	3685258	T	1
779148	3685259	delTC	1
779148	3685260	C	1
779148	3685261	T	1
779148	3685262	C	1
779148	3685263	G	1
779148	3685264	A	1
779148	3685265	T	1
779148	3685266	G	1
779148	3685267	C	1
779148	3685268	G	1
779148	3685269	G	1
779148	779141	A	1
779148	3685271	delTT	1
779148	3685272	C	1
779148	3685273	A	1
779148	3685274	G	1
779148	3685275	T	1
779148	779142	C	1
779148	779143	C	1
779148	3685278	A	1
779148	3685279	C	1
779148	779144	C	1
779148	3685281	G	1
779148	3685282	G	1
779148	779145	G	1
779148	3685284	C	1
779148	3685285	C	1
779148	779146	G	1
779148	3685287	C	1
779148	3685288	A	1
779148	3685289	T	1
779148	3685290	G	1
779148	3685291	G	1
779148	779147	T	1
779148	3685293	A	1
779148	3685294	G	1
779148	3685295	T	1
779148	3685296	C	1
779148	3685297	C	1
779148	3685298	G	1
779148	3685299	G	1
779148	3685300	T	1
779148	3685301	C	1
779148	3685302	A	1
779148	3685303	G	1
779148	3685304	G	1
779148	3685305	G	1
3685308	3684990	G	1
3685310	3684991	delTGA	1
3685312	3684992	G	1
779150	779104	C	1
3685316	3684994	C	1
779152	779105	T	1
3685320	3684996	A	1
3685322	3684997	A	1
3685324	3684998	A	1
3685326	3684998	T	1
3685328	3684999	C	1
3685330	3685000	A	1
3685332	3685001	T	1
3685334	3685002	A	1
3685336	3685003	A	1
3685338	3685004	A	1
3685340	3685005	A	1
3685342	3685006	G	1
779154	779106	T	1
779156	3685008	T	1
3685348	3685008	A	1
3685350	3685009	A	1
3685352	3685010	A	1
3685354	3685011	G	1
3685356	3685012	A	1
3685358	3685013	T	1
3685360	3685014	T	1
3685362	3685015	G	1
3685364	3685015	C	1
3685366	3685016	A	1
3685368	3685017	T	1
3685370	3685018	A	1
3685372	3685019	A	1
3685374	3685020	T	1
779160	3685021	A	1
779158	3685021	C	1
3685380	3685022	T	1
3685382	3685023	T	1
779162	779109	T	1
3685386	3685025	insGGA	1
779164	779110	A	1
779166	779110	C	1
3685392	3685027	A	1
3685394	3685028	A	1
3685396	3685028	T	1
3685398	3685029	A	1
779168	3685030	T	1
3685402	3685030	A	1
3685404	3685030	G	1
3685406	3685031	T	1
3685408	3685031	A	1
779170	779112	G	1
3685412	3685033	T	1
3685414	3685034	T	1
3685416	3685035	G	1
3685418	3685036	G	1
3685420	3685037	C	1
3685422	3685038	A	1
3685424	3685039	C	1
779172	3685040	C	1
3685428	3685040	G	1
779174	779114	A	1
779176	3685042	T	1
3685434	3685042	A	1
779178	779116	A	1
3685438	3824632	C	1
3685440	3824632	G	1
3685442	3685046	T	1
779180	779117	T	1
3685446	3685048	C	1
779182	779118	T	1
779184	779119	T	1
3685452	3685051	C	1
3685454	3685052	A	1
3685456	3685053	T	1
3685458	3685054	T	1
3685460	3685055	A	1
3685462	3685056	A	1
3685464	3685057	A	1
3685466	3685058	A	1
3685468	3685059	A	1
3685470	3685060	T	1
3685472	3824648	C	1
3685474	3824648	A	1
3685476	3685063	A	1
3685478	3685064	A	1
3685480	3685065	T	1
3685482	3685066	T	1
3685484	3685067	C	1
3685486	3685068	A	1
3685488	3685069	G	1
3685490	3685070	G	1
3685492	3685071	G	1
3685494	3685072	G	1
3685496	3685073	T	1
3685498	3685074	T	1
3685500	3685075	T	1
3685502	3685076	C	1
3685504	3685077	G	1
3685506	3685078	A	1
3685508	3685079	G	1
3685510	3685080	T	1
3685512	3685081	G	1
3685514	3685082	T	1
3685516	3685083	C	1
3685518	3685084	T	1
3685520	3685085	G	1
3685522	3685086	A	1
3685524	3685087	T	1
3685526	3685088	C	1
3685528	3685089	T	1
3685530	3685090	A	1
3685532	3685091	C	1
3685534	3685092	C	1
3685536	3685093	A	1
3685538	3685094	G	1
3685540	3685095	A	1
3685542	3685096	A	1
779186	779120	T	1
779188	3685098	A	1
3685548	3685098	C	1
3685550	3685098	T	1
779190	779122	A	1
3685554	3685100	T	1
3685556	3685101	A	1
3685558	3685102	T	1
3685560	3685103	G	1
779192	779123	G	1
779194	779123	T	1
3685566	3685105	T	1
3685568	3685106	A	1
3685570	3685107	A	1
3685572	3685108	A	1
3685574	3685109	T	1
3685576	3685110	A	1
3685578	3685111	T	1
3685580	3685112	A	1
3685582	3685113	T	1
3685584	3685114	A	1
3685586	3685115	C	1
3685588	3685116	G	1
779196	779124	A	1
3685592	3685118	C	1
3685594	3685119	G	1
3685596	3685120	C	1
3685598	3685121	A	1
3685600	3685122	A	1
779198	779125	delGAG	1
3685604	3685124	G	1
779200	779126	A	1
3685608	3685126	A	1
779202	779127	T	1
3685612	3685128	A	1
3685614	3685129	A	1
3685616	3685130	T	1
3685618	3685131	A	1
3685620	3685132	G	1
3685622	3685133	G	1
3685624	3685134	G	1
3685626	3685135	G	1
3685628	3685136	A	1
3685630	3685137	G	1
3685632	3685138	A	1
779204	779128	C	1
3685636	3685140	G	1
3685638	3685141	A	1
779206	779129	A	1
3685642	3685143	A	1
3685644	3685143	T	1
3685646	3685144	T	1
779208	779130	A	1
779210	3685146	A	1
3685652	3685146	T	1
3685654	3685147	A	1
3685656	3685148	T	1
3685658	3685149	C	1
779212	779132	T	1
3685662	3685151	A	1
3685664	3685151	C	1
3685666	3685152	C	1
779214	779133	T	1
779216	779134	A	1
779218	779135	T	1
779220	3685156	A	1
3685676	3685156	T	1
3685678	3685157	T	1
3685680	3685158	T	1
779222	779137	T	1
779224	779137	G	1
779226	779138	A	1
3685688	3685161	C	1
3685690	3685162	G	1
3685692	3685163	G	1
3685694	3685163	T	1
3685696	3685164	G	1
3685698	3685165	A	1
3685700	3685166	T	1
3685702	3685167	A	1
3685704	3685168	C	1
3685706	3685168	A	1
3685708	3685169	A	1
3685710	3685170	T	1
3685712	3685171	T	1
3685714	3685172	C	1
3685716	3685173	G	1
3685718	3685174	A	1
3685720	3685175	A	1
3685722	3685176	T	1
3685724	3685177	G	1
3685726	3685178	T	1
3685728	3685179	C	1
3685730	3685180	A	1
3685732	3685181	A	1
3685734	3685182	G	1
3685736	3685183	T	1
3685738	3685184	T	1
3685740	3685185	A	1
3685742	3685186	A	1
779228	779139	A	1
3685746	3685188	A	1
3685748	3685189	T	1
3685750	3685190	G	1
3685752	3685191	C	1
3685754	3685192	A	1
3685756	3685193	C	1
3685758	3685194	C	1
3685760	3685195	C	1
3685762	3685196	A	1
3685764	3685197	A	1
3685766	3685198	A	1
3685768	3685199	T	1
3685770	3685200	A	1
3685772	3685201	A	1
3685774	3685202	G	1
3685776	3685203	A	1
3685778	3685204	T	1
3685780	3685205	G	1
3685782	3685206	T	1
3685784	3685207	A	1
3685786	3685208	C	1
3685788	3685209	C	1
3685790	3685210	T	1
3685792	3685211	C	1
3685794	3685212	T	1
3685796	3685213	T	1
3685798	3685214	T	1
3685800	3685215	G	1
3685802	3685216	A	1
3685804	3685217	T	1
3685806	3685218	A	1
3685808	3685219	A	1
3685810	3685220	A	1
3685812	3685221	T	1
3685814	3685222	G	1
3685816	3685223	G	1
3685818	3685224	A	1
3685820	3685225	T	1
3685822	3685226	C	1
3685824	3685227	G	1
779230	779140	T	1
3685828	3685229	A	1
3685830	3685230	G	1
3685832	3685231	T	1
3685834	3685232	T	1
3685836	3685233	A	1
3685838	3685234	T	1
3685840	3685235	C	1
3685842	3685236	T	1
3685844	3685237	T	1
3685846	3685238	G	1
3685848	3685239	A	1
3685850	3685240	C	1
3685852	3685241	A	1
3685854	3685242	T	1
3685856	3685243	A	1
3685858	3685244	G	1
3685860	3685245	C	1
3685862	3685245	T	1
3685864	3685246	T	1
3685866	3685247	T	1
3685868	3685248	T	1
3685870	3685249	G	1
3685872	3685250	C	1
3685874	3685251	A	1
3685876	3685252	T	1
3685878	3685253	G	1
3685880	3685254	T	1
3685882	3685255	A	1
3685884	3685256	G	1
3685886	3685257	A	1
3685888	3685258	C	1
3685890	3685259	insCT	1
3685892	3685260	T	1
3685894	3685261	C	1
3685896	3685262	T	1
3685898	3685263	A	1
3685900	3685264	C	1
3685902	3685265	G	1
3685904	3685266	A	1
3685906	3685267	T	1
3685908	3685268	A	1
3685910	3685269	A	1
779232	779141	G	1
3685914	3685271	insAA	1
3685916	3685272	A	1
3685918	3685273	T	1
3685920	3685274	A	1
3685922	3685274	T	1
3685924	3685275	C	1
779234	779142	T	1
779236	779143	T	1
3685930	3685278	delA	1
3685932	3685279	G	1
779238	779144	G	1
3685936	3685281	A	1
3685938	3685282	C	1
779240	779145	A	1
3685942	3685284	T	1
3685944	3685285	G	1
779242	779146	A	1
3685948	3685287	T	1
3685950	3685288	G	1
3685952	3685289	C	1
3685954	3685290	A	1
3685956	3685291	A	1
779244	779147	C	1
3685960	3685293	G	1
3685962	3685294	A	1
3685964	3685295	C	1
3685966	3685296	G	1
3685968	3685297	A	1
3685970	3685298	A	1
3685972	3685299	T	1
3685974	3685300	A	1
3685976	3685301	T	1
3685978	3685302	G	1
3685980	3685303	C	1
3685982	3685304	C	1
3685984	3685305	T	1
1002623	6970264	A	1
1002623	6970265	G	1
1002623	779247	C	1
1002623	6970267	G	1
1002623	779248	G	1
1002623	779249	T	1
1002623	779251	A	1
1002623	779253	A	1
1002623	6970272	G	1
1002623	779254	C	1
1002623	1002601	G	1
1002623	1002602	A	1
1002623	779256	T	1
777307	6355139	G	1
777307	6355140	C	1
777307	777279	G	1
777307	6355142	A	1
777307	777280	C	1
777307	6355144	T	1
777307	777282	A	1
777307	777281	G	1
777307	777283	T	1
777307	777284	G	1
777307	777285	G	1
777307	6355150	G	1
777307	6355151	G	1
777307	6355152	G	1
777307	777286	A	1
777307	6355154	G	1
777307	6355155	C	1
777307	6355156	C	1
777307	6355157	G	1
777307	6355158	C	1
777307	6355159	A	1
777307	6355160	G	1
777307	777287	G	1
777307	777304	G	1
777307	6355163	A	1
777307	6355164	G	1
777307	6355165	A	1
777307	777288	C	1
777307	6355167	T	1
777307	6355168	G	1
777307	6355169	T	1
777307	6355170	G	1
777307	777289	C	1
777307	6355172	G	1
777307	6355173	A	1
777307	6355174	T	1
777307	6355175	A	1
777307	777305	A	1
777307	777290	T	1
777307	6355178	C	1
777307	777291	A	1
777307	777292	G	1
777307	777293	G	1
777307	777295	C	1
777307	777294	G	1
777307	777296	T	1
777307	6355185	A	1
777307	777297	G	1
777307	6355187	T	1
777307	6355188	C	1
777307	6355189	G	1
777307	777306	C	1
777307	777298	G	1
777307	6355192	G	1
777307	777299	G	1
777307	777300	T	1
777307	777301	G	1
777307	6355196	T	1
777307	6355197	G	1
777307	6355198	A	1
777307	6355199	T	1
777307	777302	G	1
777307	6355201	A	1
777307	6355202	T	1
777315	777303	G	1
777309	777304	A	1
777311	777305	G	1
777313	777306	T	1
6355213	6355118	A	1
6355215	6355130	A	1
6355217	6355140	T	1
777319	777280	A	1
777317	777292	A	1
777321	777271	A	1
777323	777272	C	1
6355227	6355125	G	1
777329	777286	G	1
6355231	6355164	A	1
777325	777297	C	1
777327	777301	A	1
777333	777268	A	1
777331	777276	A	1
6355241	6355160	A	1
777335	777287	T	1
6355245	6355134	delTTC	1
6355247	6355133	C	1
6355249	6355144	C	1
6606011	6355144	C	1
6606011	777299	A	1
777337	777290	G	1
777339	777296	A	1
6355257	6355124	A	1
777347	777275	A	1
6355261	6355127	A	1
6355263	6355127	C	1
6355265	6355135	A	1
777349	777285	A	1
777351	777284	A	1
6355271	6355152	C	1
6355273	6355170	A	1
777341	777293	A	1
777343	777298	A	1
6355279	6355192	A	1
6355281	6355192	C	1
777345	777302	A	1
6355285	6355165	G	1
6355287	6355201	C	1
6355289	6355119	C	1
6355291	6355122	G	1
6355293	6355159	G	1
6355295	6355174	C	1
6355297	6355185	G	1
777353	777291	C	1
777355	777277	G	1
6355303	6355138	G	1
6355305	6355169	C	1
6355307	6355172	C	1
6355309	6355172	T	1
6355311	6355202	C	1
6355313	6355120	G	1
6355315	6355168	A	1
6355317	6355168	C	1
6355319	6355168	T	1
6355321	6355167	C	1
777357	777269	T	1
6355325	6355131	G	1
6355327	6355132	C	1
6355329	6355142	G	1
6355331	6355198	G	1
777371	777270	T	1
6355335	6355113	A	1
777363	6355116	T	1
6355339	6355116	G	1
777365	6355117	A	1
6355343	6355117	T	1
6355345	6355117	C	1
6355347	6355121	A	1
777367	6355139	A	1
6355351	6355139	T	1
777369	777279	A	1
6355355	6355150	A	1
6355357	6355155	T	1
6355359	6355158	G	1
6355361	6355163	G	1
777359	777294	A	1
777361	777295	T	1
6355367	6355189	T	1
6355369	6355197	T	1
777377	777281	A	1
777379	777282	C	1
777381	777283	G	1
6355377	6355154	A	1
6355379	6355156	T	1
777383	777288	T	1
777385	777289	T	1
6355385	6355188	T	1
6355387	6355187	C	1
777373	777299	A	1
777375	777300	C	1
6355393	6355137	T	1
6355395	6355178	T	1
6355397	6355136	A	1
6355399	6355151	A	1
6355401	6355157	A	1
6355403	6355199	G	1
6355405	6355196	C	1
6355407	6355173	G	1
6355409	6355175	G	1
777422	777387	T	1
777422	777388	A	1
777422	777389	C	1
777422	777390	A	1
777422	777391	A	1
777422	777392	C	1
777422	777393	G	1
777422	777394	A	1
777422	777395	T	1
777422	777396	G	1
777422	2899031	G	1
777422	777397	G	1
777422	777398	T	1
777422	777399	A	1
777422	2899035	C	1
777422	777400	G	1
777422	777401	G	1
777422	5997181	G	1
777422	777402	C	1
777422	777403	C	1
777422	777404	G	1
777422	2899041	G	1
777422	777417	T	1
777422	777405	T	1
777422	2899044	A	1
777422	777406	C	1
777422	777407	A	1
777422	777408	G	1
777422	777409	C	1
777422	777420	C	1
777422	777410	T	1
777422	777411	C	1
777422	2899052	T	1
777422	2899053	A	1
777422	777412	C	1
777422	2899055	G	1
777422	2899056	T	1
777422	2899057	T	1
777422	777413	T	1
777422	777421	G	1
777422	777414	C	1
777422	2899061	G	1
777422	2899062	G	1
777422	777415	A	1
777422	2899064	G	1
777422	777418	G	1
777422	777419	A	1
777422	1102587	C	1
777424	777389	T	1
777426	777406	A	1
777428	777407	G	1
777430	1102587	T	1
777432	777404	T	1
777432	777407	G	1
777434	777404	T	1
777434	777407	G	1
777434	1102587	T	1
777436	777399	G	1
777438	777404	T	1
777440	777388	T	1
777440	777389	T	1
777442	777394	G	1
777444	777396	A	1
777446	777399	G	1
777446	777404	T	1
777446	777407	G	1
777448	777400	A	1
777450	777413	A	1
777452	777390	T	1
777452	777391	G	1
777452	777392	A	1
777452	777393	C	1
777454	777407	R	1
777454	777410	C	1
777456	777404	T	1
777456	777407	G	1
777456	777411	T	1
777458	777403	T	1
777458	777404	T	1
777458	777407	G	1
777460	777414	A	1
777462	777387	C	1
777464	777415	G	1
777466	777418	A	1
777468	777419	T	1
777470	777402	G	1
777470	777404	T	1
777470	777407	G	1
777472	777405	C	1
777474	777409	G	1
777474	777412	T	1
777480	777420	A	1
777482	777421	A	1
777484	1102587	A	1
777486	777387	C	1
777486	777404	T	1
777486	777407	G	1
777486	1102587	A	1
777488	777387	C	1
777488	777397	T	1
777488	777398	C	1
777488	777401	T	1
777488	777405	C	1
777488	777408	C	1
777490	777387	C	1
777490	777404	T	1
777490	777407	G	1
777492	777404	T	1
777492	777417	G	1
777492	777407	G	1
777494	777395	A	1
777494	777404	T	1
777494	777407	G	1
2899142	2899035	T	1
2899142	777404	T	1
2899142	777407	G	1
2899144	777404	T	1
2899144	777407	G	1
2899144	2899055	A	1
2899146	777404	T	1
2899146	777407	G	1
2899146	2899056	C	1
2899148	777404	T	1
2899148	777407	G	1
2899148	2899062	A	1
2899150	777404	T	1
2899150	777407	G	1
2899150	2899064	A	1
2899152	2899031	A	1
2899154	2899041	A	1
2899156	2899044	C	1
2899158	2899052	C	1
2899158	2899053	G	1
2899160	2899057	A	1
2899162	2899061	A	1
5997308	777387	C	1
5997308	5997181	A	1
1002623	6237858	C	1
1002623	6237859	A	1
1002623	779260	A	1
1002623	779261	A	1
1002623	1002606	C	1
1002623	779262	G	1
1002623	1002608	C	1
1002623	779263	T	1
1002623	6237866	G	1
1002623	779264	T	1
1002623	779265	C	1
1002623	779267	G	1
1002623	779268	A	1
1002623	779269	G	1
1002623	1002616	A	1
1002623	1002617	C	1
1002623	6237875	G	1
1002623	779270	A	1
1002623	779271	A	1
1002623	779272	A	1
1002623	779273	C	1
1002623	779274	C	1
779279	779249	C	1
779283	779254	A	1
779285	779256	C	1
779287	779263	C	1
779291	779268	G	1
779293	779269	C	1
779295	779271	G	1
779297	779272	G	1
779303	779251	G	1
779303	779254	A	1
779305	779251	G	1
779305	779256	C	1
779307	779253	G	1
779313	779270	C	1
779315	779251	G	1
779315	779270	C	1
779321	779248	A	1
779323	779251	G	1
779323	779261	G	1
779325	779251	G	1
779325	779254	A	1
779325	779261	G	1
779325	779262	A	1
779327	779267	A	1
779329	779251	G	1
779329	779265	G	1
777530	777496	C	1
777530	777497	A	1
777530	777498	C	1
777530	777499	T	1
777530	777500	T	1
777530	777501	A	1
777530	777502	A	1
777530	777503	A	1
777530	777504	C	1
777530	777505	C	1
777530	777506	G	1
777530	777507	A	1
777530	777508	A	1
777530	777509	T	1
777530	777510	A	1
777530	777511	G	1
777530	777512	G	1
777530	777513	G	1
777530	6234974	A	1
777530	777514	G	1
777530	777515	G	1
777530	777516	G	1
777530	777517	C	1
777530	777518	G	1
777530	777519	G	1
777530	777520	T	1
777530	777521	G	1
777530	777522	A	1
777530	777523	G	1
777530	777524	G	1
777530	777525	C	1
777530	777526	C	1
777530	777527	C	1
777530	777528	C	1
777530	777529	A	1
777532	777522	G	1
777534	777508	G	1
777534	777513	R	1
777534	777518	A	1
777534	777522	G	1
777536	777516	A	1
777536	777522	G	1
777538	777496	Y	1
777538	777497	G	1
777538	777522	G	1
777540	777522	G	1
777540	777526	T	1
777542	777511	A	1
777542	777522	G	1
777544	777520	A	1
777544	777522	G	1
777546	777509	C	1
777546	777522	G	1
777548	777512	A	1
777548	777522	G	1
777550	777517	T	1
777550	777522	G	1
777552	777513	A	1
777552	777522	G	1
777554	777522	G	1
777554	777529	C	1
777556	777522	G	1
777556	777525	T	1
777558	777500	C	1
777558	777522	G	1
779331	779251	G	1
779331	779261	G	1
779331	779262	A	1
779333	779251	G	1
779333	779274	T	1
779335	779251	G	1
779335	779260	G	1
779337	779251	G	1
779337	779269	C	1
779339	779251	G	1
779339	779254	A	1
779339	779261	G	1
779341	779247	T	1
779341	779251	G	1
779341	779261	G	1
779341	779262	A	1
779343	779273	T	1
779347	779264	G	1
1002685	779251	G	1
1002689	779251	G	1
1002689	1002606	T	1
1002691	779256	C	1
1002691	779270	C	1
1002693	1002601	T	1
1002695	779251	G	1
1002695	1002602	G	1
1002697	779251	G	1
1002697	779254	A	1
1002697	779261	G	1
1002697	1002616	G	1
1002699	779251	G	1
1002699	779261	G	1
1002699	1002616	G	1
1002701	779251	R	1
1002701	779256	Y	1
1002701	1002617	T	1
1002705	779251	G	1
1002705	779256	C	1
1002705	1002608	G	1
6237969	6237858	G	1
6237971	6237875	A	1
6237973	779251	G	1
6237973	6237866	A	1
6237975	779251	G	1
6237975	779254	A	1
6237975	779265	G	1
6237977	779251	G	1
6237977	6237859	G	1
6237977	779261	G	1
6237977	779270	C	1
6970385	779251	G	1
6970385	6970272	C	1
6970385	779254	A	1
6970385	779265	G	1
6970387	6970264	T	1
6970387	779251	G	1
6970389	6970265	C	1
6970389	779251	G	1
6970391	6970267	A	1
777560	777501	C	1
777560	777522	G	1
777562	777527	T	1
777564	777496	T	1
777564	777522	G	1
777566	777521	A	1
777566	777522	G	1
777568	777503	G	1
777568	777522	G	1
777570	777514	C	1
777570	777522	G	1
777572	777506	C	1
777572	777522	G	1
777574	777522	G	1
777574	777523	A	1
777576	777522	G	1
777576	777528	G	1
777578	777519	A	1
777578	777522	G	1
777580	777501	C	1
777580	777522	G	1
777580	777524	A	1
777582	777502	T	1
777582	777522	G	1
777584	777504	T	1
777586	777505	T	1
777586	777522	G	1
777588	777507	G	1
777588	777522	G	1
777590	777515	A	1
777590	777522	G	1
777592	777498	T	1
777592	777499	C	1
777594	777501	M	1
777594	777508	G	1
777594	777522	G	1
777600	777501	C	1
777600	777510	C	1
777600	777522	G	1
6235063	777498	T	1
6235063	777499	C	1
6235063	777522	G	1
6235065	6234974	G	1
6235065	777522	G	1
777668	777602	A	1
777668	1932756	T	1
777668	777603	C	1
777668	777604	C	1
777668	1932759	C	1
777668	1932760	G	1
777668	777605	A	1
777668	777606	A	1
777668	777607	G	1
777668	777608	G	1
777668	777609	T	1
777668	1932766	G	1
777668	777610	G	1
777668	777611	G	1
777668	777612	T	1
777668	948023	AGAAATGGAA	1
777668	777614	A	1
777668	777615	C	1
777668	777616	G	1
777668	777617	C	1
777668	777618	G	1
777668	6235088	C	1
777668	1932776	T	1
777668	777619	C	1
777668	777620	C	1
777668	777621	G	1
777668	777622	C	1
777668	777623	G	1
777668	777624	G	1
777668	1406126	C	1
777668	1406127	C	1
777668	777625	G	1
777668	777626	C	1
777668	777627	C	1
777668	777628	A	1
777668	777629	A	1
777668	777630	T	1
777668	777631	A	1
777668	1985225	G	1
777668	777632	A	1
777668	777633	C	1
777668	1932795	C	1
777668	1932796	T	1
777668	6235110	T	1
777668	777634	A	1
777668	777635	A	1
777668	948046	A	1
777668	777637	C	1
777668	777638	C	1
777668	777639	A	1
777668	777640	A	1
777668	777641	C	1
777668	1932805	A	1
777668	6235120	A	1
777668	777642	C	1
777668	777643	G	1
777668	777644	T	1
777668	777645	C	1
777668	777646	G	1
777668	777647	C	1
777668	777648	C	1
777668	1932813	C	1
777668	777649	G	1
777668	777650	A	1
777668	777651	T	1
777668	777652	C	1
777668	777653	C	1
777668	777654	C	1
777668	777655	C	1
777668	777656	G	1
777668	777657	A	1
777668	777658	A	1
777668	1406163	A	1
777668	1932825	G	1
777668	777659	C	1
777668	777660	A	1
777668	777661	G	1
777668	777662	G	1
777668	777663	A	1
777668	777664	T	1
777668	777665	G	1
777668	777666	C	1
777668	777667	G	1
777670	777622	T	1
777672	777650	C	1
777674	777651	C	1
777676	777652	G	1
777678	948046	delA	1
777680	777603	A	1
777682	777625	A	1
777684	777634	G	1
777686	777635	G	1
777688	777645	T	1
777690	777666	T	1
777692	777609	C	1
777694	777618	A	1
777696	777626	A	1
777698	777640	G	1
777700	777655	T	1
777702	777650	C	1
777702	777658	C	1
777704	777662	C	1
777706	777607	C	1
777708	777604	T	1
777710	777605	G	1
777712	777608	A	1
777714	777649	A	1
777716	948023	delAGAAATGGAA	1
777718	777619	G	1
777720	777625	T	1
777722	777631	T	1
777724	777637	A	1
777726	777665	A	1
777728	777644	C	1
777730	777667	T	1
777732	777621	A	1
777734	777646	A	1
777736	777618	T	1
777736	777622	T	1
777738	777602	G	1
777738	777652	S	1
777740	777606	G	1
777742	777610	C	1
777744	777611	T	1
777746	777612	C	1
777748	777614	G	1
777750	777616	A	1
777752	777615	T	1
777754	777619	T	1
777756	777620	T	1
777758	777624	A	1
777760	777627	T	1
777762	777630	C	1
777764	777632	G	1
777766	777633	T	1
777768	777639	G	1
777770	777641	G	1
777772	777642	T	1
777774	777648	A	1
777776	777653	A	1
777778	777657	G	1
777780	777629	C	1
777782	777647	A	1
777784	777660	T	1
777786	777664	C	1
777788	777622	T	1
777788	777663	G	1
777790	777617	T	1
777792	777623	A	1
777794	777638	G	1
777796	777643	T	1
777798	777654	G	1
777800	777659	T	1
777802	777650	C	1
777802	777656	A	1
777804	777628	G	1
777806	777661	T	1
777808	777635	G	1
777808	777666	T	1
1406315	1406126	T	1
1406317	1406127	T	1
1406319	1985225	T	1
1406321	1406163	C	1
1932985	1932760	A	1
1932987	1932766	A	1
1932989	1932776	G	1
1932991	1932813	T	1
1932993	1932756	G	1
1932995	1932805	T	1
1932997	1932795	T	1
1932999	1932759	T	1
1933001	1932825	C	1
1933003	1932796	delT	1
6235320	6235110	C	1
6235322	6235120	C	1
6235324	6235088	T	1
779392	779349	T	1
779392	779350	A	1
779392	779351	T	1
779392	779352	del	1
779392	779353	C	1
779392	779354	G	1
779392	779355	A	1
779392	779356	A	1
777936	777935	C	1
777936	777934	G	1
777936	777933	C	1
777936	3819813	G	1
777936	3819812	A	1
777936	777932	G	1
777936	777931	C	1
777936	3819809	A	1
777936	777930	A	1
777936	777929	C	1
777936	777928	A	1
777936	777927	T	1
777936	777926	G	1
777936	777925	C	1
777936	3819802	A	1
777936	1103089	AGTGGGCAC	1
777936	777923	T	1
777936	777922	G	1
777936	3819798	C	1
777936	777921	G	1
777936	777920	G	1
777936	2090937	C	1
777936	777919	C	1
777936	777918	C	1
777936	777917	C	1
777936	777916	G	1
777936	777915	C	1
777936	777914	C	1
777936	777913	G	1
777936	777912	G	1
777936	777911	C	1
777936	777910	G	1
777936	777909	C	1
777936	777908	T	1
777936	2676699	C	1
777936	1103074	AG	1
777936	777906	C	1
777936	777905	C	1
777936	777904	C	1
777936	777903	A	1
777936	777902	A	1
777936	777901	C	1
777936	3307484	AC	1
777936	777899	T	1
777936	777898	T	1
777936	777897	C	1
777936	777896	G	1
777936	5997713	G	1
777936	777894	C	1
777936	2090910	T	1
777936	777893	C	1
777936	777892	T	1
777936	777891	C	1
777936	777890	T	1
777936	777889	C	1
777936	5763442	C	1
777936	777888	C	1
777936	777887	C	1
777936	5997724	G	1
777936	1103051	CACATCCGGATGTAGGATC	1
777936	777886	C	1
777936	777885	T	1
777936	777883	T	1
777936	777882	A	1
777936	777881	T	1
777936	777880	G	1
777936	1103046	G	1
777936	777878	T	1
777936	1103044	TCT	1
777936	777876	A	1
777936	777875	C	1
777936	1103041	TCAG(2)	1
777936	2090890	A	1
777936	777872	G	1
777936	777871	G	1
777936	1103040	G	1
777936	777870	G	1
777936	1103036	T	1
777936	1103035	TTAG	1
777936	777867	T	1
777936	777866	C	1
777936	777865	A	1
777936	2676652	GGA(2)	1
777936	777864	G	1
777936	5997750	C	1
777936	2090878	G	1
777936	777863	C	1
777936	1103029	G	1
777936	2090875	C	1
777936	777861	A	1
777936	1609173	R	1
777936	1103027	C	1
777936	2676644	C	1
777936	777859	C	1
777936	2676642	C	1
777936	5997761	C	1
777936	777858	C	1
777936	777857	A	1
777936	777856	del	1
777936	2676638	T	1
777936	2676637	C	1
777936	1355509	AAAGGGGCG	1
777936	777854	C	1
777936	3619338	C	1
777936	777852	A	1
777936	777851	G	1
777936	777850	T	1
777936	2090861	G	1
777936	777849	C	1
777936	777848	T	1
777936	777847	C	1
777936	1103013	A	1
777936	777845	G	1
777936	777844	T	1
777936	777843	A	1
777936	777842	S	1
777936	777841	C	1
777936	777840	G	1
777936	777839	C	1
777936	2090849	A	1
777936	777838	A	1
777936	777837	C	1
777936	777836	A	1
777936	2090845	C	1
777936	2676613	T	1
777936	3318096	C	1
777936	777834	C	1
777936	777833	T	1
777936	777832	G	1
777936	777831	T	1
777936	777830	A	1
777936	777829	C	1
777936	1102995	G	1
777936	777828	T	1
777936	777827	G	1
777936	777826	G	1
777936	777825	C	1
777936	777824	G	1
777936	5997804	G	1
777936	777823	A	1
777936	5175088	C	1
777936	777821	C	1
777936	2090829	G	1
777936	1102986	A	1
777936	777819	C	1
777936	777818	C	1
777936	2090825	G	1
777936	777817	G	1
777936	777816	G	1
777936	777815	C	1
777936	777814	G	1
777936	1102979	G	1
777936	777812	C	1
777936	777811	C	1
777936	777810	G	1
777936	5175073	T	1
777938	777933	G	1
777938	777880	A	1
777938	777842	S	1
777940	1103036	delT	1
777940	777850	Y	1
777942	777933	S	1
777942	3819813	R	1
777942	3819812	R	1
777942	777932	S	1
777942	777931	Y	1
777942	3819809	R	1
777942	777930	M	1
777942	777929	S	1
777942	777927	K	1
777942	777926	R	1
777942	3819802	R	1
777942	777923	Y	1
777942	777922	S	1
777942	3819798	S	1
777942	777901	Y	1
777942	777880	R	1
777942	777854	T	1
777942	777842	S	1
777942	777828	Y	1
777942	777827	K	1
777942	777817	R	1
777946	777933	S	1
777946	1103013	delA	1
777948	777885	G	1
777950	777933	G	1
777950	777880	A	1
777950	3619338	A	1
777950	777842	G	1
777952	1103044	delTCT	1
777954	777933	G	1
777954	777842	G	1
777954	777817	A	1
777956	777933	G	1
777956	777880	A	1
777956	777842	G	1
777956	777821	G	1
777958	777933	G	1
777958	777880	A	1
777958	777847	Y	1
777958	777842	S	1
777958	777818	T	1
777962	777933	G	1
777962	777880	A	1
777962	3619338	T	1
777962	777842	G	1
777964	1102986	AA	1
777964	777815	Y	1
777966	777933	G	1
777966	777880	A	1
777966	777842	G	1
777966	777832	A	1
777968	1103089	AGTGGGCACAGTGGGCAC	1
777970	777933	S	1
777970	777880	R	1
777970	1103035	delTTAG	1
777970	777842	S	1
777972	777933	G	1
777972	777880	A	1
777972	777861	G	1
777972	1609173	A	1
777972	1103027	CC	1
777972	777842	G	1
777974	777933	S	1
777974	777880	R	1
777974	1103040	GG	1
777974	777842	S	1
777976	777816	A	1
777978	777824	A	1
777980	777881	G	1
777982	5997713	C	1
777984	777903	G	1
777986	777909	T	1
777988	777933	G	1
777988	777880	A	1
777988	777845	C	1
777988	777842	G	1
777988	777811	T	1
777990	777933	G	1
777990	777893	T	1
777990	777880	A	1
777990	777842	G	1
777990	777841	T	1
777992	777933	G	1
777992	777880	A	1
777992	1355509	AAAGGGGCG(2)	1
777992	777842	G	1
777994	777933	G	1
777994	777915	T	1
777994	777880	A	1
777994	777842	G	1
777996	777933	G	1
777996	777909	T	1
777996	777888	T	1
777996	777880	A	1
777996	777842	G	1
777998	777866	A	1
778000	777880	A	1
778002	777933	G	1
778002	777880	A	1
778002	777842	G	1
778002	777812	T	1
778004	777933	G	1
778004	3819813	A	1
778004	3819812	G	1
778004	777932	C	1
778004	777931	T	1
778004	3819809	G	1
778004	777930	C	1
778004	777929	G	1
778004	777927	G	1
778004	777926	A	1
778004	3819802	G	1
778004	777923	C	1
778004	777922	C	1
778004	3819798	G	1
778004	777842	G	1
778004	777837	M	1
778004	777836	W	1
778004	777817	A	1
778006	777933	G	1
778006	777859	T	1
778006	777842	G	1
778006	777817	A	1
778008	1103041	TCAG(1)	1
778010	777933	G	1
778010	777842	S	1
778012	777933	G	1
778012	777880	A	1
778012	1355509	AAAGGGGCG(3)	1
778012	777842	G	1
778012	777832	A	1
778014	777933	G	1
778014	777888	T	1
778014	777880	A	1
778014	777842	G	1
778016	777933	G	1
778016	3307484	ACAC	1
778016	777880	A	1
778016	777842	G	1
778018	777815	T	1
778020	777887	G	1
778020	777816	A	1
778022	777933	G	1
778022	777880	A	1
778022	777847	T	1
778022	777842	G	1
778024	777933	G	1
778024	777880	A	1
778024	777847	T	1
778024	777842	G	1
778024	777815	T	1
778026	777933	G	1
778026	777842	G	1
778026	777817	A	1
778026	777814	A	1
778028	777826	A	1
778030	777933	G	1
778030	777842	G	1
778030	777836	T	1
778030	777817	A	1
778032	777848	G	1
778034	777933	G	1
778034	777890	G	1
778034	777880	A	1
778034	777842	G	1
778036	777933	G	1
778036	777911	T	1
778036	777842	G	1
778036	777817	A	1
778038	777837	A	1
778038	777836	T	1
778040	777933	G	1
778040	777870	A	1
778040	777842	G	1
778040	777817	A	1
778042	777933	G	1
778042	777908	G	1
778042	777880	A	1
778042	777842	G	1
778044	777933	G	1
778044	777896	A	1
778044	777880	R	1
778044	777842	G	1
778044	777817	R	1
778048	777933	G	1
778048	777880	A	1
778048	1355509	AAAGGGGCG(2)	1
778048	777842	G	1
778048	777832	A	1
778050	777933	G	1
778050	777886	T	1
778050	777880	A	1
778050	777842	G	1
778052	777856	insTA	1
778056	777916	A	1
778060	777933	G	1
778060	777842	G	1
778060	777832	A	1
778060	777817	A	1
778062	777933	G	1
778062	777880	A	1
778062	777842	G	1
778062	777817	A	1
778066	777933	G	1
778066	777888	T	1
778066	777880	A	1
778066	777842	G	1
778066	777817	A	1
778068	777933	G	1
778068	777893	T	1
778068	777842	G	1
778068	777841	T	1
778068	2090845	T	1
778070	777819	T	1
778072	777933	G	1
778072	777905	T	1
778072	777842	G	1
778072	777817	A	1
778074	777933	G	1
778074	777880	A	1
778074	777842	G	1
778074	777829	T	1
778076	777827	T	1
778078	777917	T	1
778080	777876	T	1
778080	777875	T	1
778080	777872	A	1
778082	777833	C	1
778082	777832	T	1
778082	777831	A	1
778082	777830	G	1
778082	777828	C	1
778082	777827	T	1
778084	777933	G	1
778084	3819813	A	1
778084	3819812	G	1
778084	777932	C	1
778084	777931	T	1
778084	3819809	G	1
778084	777930	C	1
778084	777929	G	1
778084	777927	G	1
778084	777926	A	1
778084	3819802	G	1
778084	777923	C	1
778084	777922	C	1
778084	3819798	G	1
778086	777933	G	1
778086	777880	A	1
778086	777871	T	1
778086	777842	G	1
778088	777933	G	1
778088	777928	C	1
778088	777880	A	1
778088	777842	G	1
778090	777876	T	1
778090	777875	T	1
778092	777933	G	1
778092	777842	G	1
778092	777817	A	1
778092	777810	A	1
778094	777933	G	1
778094	777842	G	1
778094	777830	G	1
778096	777843	G	1
778098	777844	C	1
778100	777888	T	1
778100	777880	A	1
778100	777849	G	1
778102	1103029	delG	1
778104	777867	G	1
778106	777933	G	1
778106	777892	C	1
778106	777842	G	1
778106	777817	A	1
778108	777933	G	1
778108	777906	T	1
778108	777842	G	1
778108	777817	A	1
778110	777912	A	1
778112	777920	T	1
778114	777933	G	1
778114	777921	C	1
778114	777880	A	1
778114	777842	G	1
778116	777933	G	1
778116	777842	G	1
778116	777825	G	1
778116	777817	A	1
778118	777933	G	1
778118	1103046	delG	1
778118	777842	G	1
778118	777817	A	1
778120	777933	G	1
778120	1103051	delCACATCCGGATGTAGGATC	1
778120	777842	G	1
778120	777817	A	1
778122	777933	G	1
778122	777880	A	1
778122	777842	G	1
778122	777826	A	1
778124	777933	G	1
778124	777880	A	1
778124	777850	C	1
778124	777842	G	1
778124	777826	A	1
778126	777933	G	1
778126	777880	A	1
778126	777848	A	1
778126	777842	G	1
778128	777933	G	1
778128	777902	G	1
778128	777880	A	1
778128	777842	G	1
778130	777911	T	1
778132	777841	T	1
778134	777899	C	1
778134	777898	C	1
778136	777893	T	1
778136	1103044	delTCT	1
778138	777918	T	1
778140	777933	G	1
778140	777880	A	1
778140	777842	G	1
778140	777834	T	1
778142	777934	A	1
778144	777914	T	1
778146	777933	G	1
778146	777880	A	1
778146	3619338	T	1
778146	777817	A	1
778148	777878	C	1
778148	1103044	delTCT	1
778150	777889	G	1
778152	777933	G	1
778152	777891	T	1
778152	777880	A	1
778152	777842	G	1
778154	777883	C	1
778156	777888	T	1
778158	1102979	delG	1
778160	777933	G	1
778160	777880	A	1
778160	777852	C	1
778160	777851	T	1
778160	777850	C	1
778160	777842	G	1
778162	777904	T	1
778164	777933	G	1
778164	777888	T	1
778164	777882	G	1
778164	777880	A	1
778164	777842	G	1
778166	1103074	delAG	1
778166	1609173	R	1
778168	777933	G	1
778168	777919	T	1
778168	777880	A	1
778168	777842	G	1
778170	777933	G	1
778170	777880	A	1
778170	777842	G	1
778170	777840	A	1
778172	777901	T	1
778172	777899	C	1
778174	777933	G	1
778174	777880	A	1
778174	777842	G	1
778174	777823	C	1
778176	777933	G	1
778176	777880	A	1
778176	777842	G	1
778176	777839	T	1
778178	777858	A	1
778178	777857	G	1
778180	777865	G	1
778182	777933	G	1
778182	777878	C	1
778182	777842	G	1
778182	777817	A	1
778184	777933	G	1
778184	777894	T	1
778184	777880	A	1
778184	777842	G	1
778186	777897	T	1
778188	777933	G	1
778188	777910	A	1
778188	777880	A	1
778188	777842	G	1
778190	777933	G	1
778190	777913	A	1
778190	777880	A	1
778190	777842	G	1
778192	777935	T	1
778194	777933	G	1
778194	777925	T	1
778194	777888	T	1
778194	777880	A	1
778194	777842	G	1
778196	777901	T	1
778198	777864	A	1
778200	777933	G	1
778200	3819813	A	1
778200	3819812	G	1
778200	777932	C	1
778200	777931	T	1
778200	3819809	G	1
778200	777930	C	1
778200	777929	G	1
778200	777927	G	1
778200	777926	A	1
778200	3819802	G	1
778200	777923	C	1
778200	777922	C	1
778200	3819798	G	1
778200	777909	T	1
778200	777880	A	1
778200	777842	G	1
778200	777832	A	1
778202	777933	G	1
778202	777842	G	1
778202	777817	A	1
778202	777816	A	1
778204	777838	C	1
778204	777812	T	1
778206	777863	T	1
778208	1355509	AAAGGGGCG(2)	1
1103377	777933	G	1
1103377	777880	A	1
1103377	777842	S	1
1103377	777815	T	1
1103379	777933	G	1
1103379	1355509	AAAGGGGCG(2)	1
1103379	777842	G	1
1103379	777817	A	1
1609527	777933	G	1
1609527	777909	T	1
1609527	777880	A	1
1609527	777842	G	1
1609527	777815	T	1
1103381	777933	G	1
1103381	777893	T	1
1103381	777880	A	1
1103381	777842	G	1
1103381	777841	T	1
1103381	1102995	C	1
2677011	777933	G	1
2677011	777880	R	1
2677011	777861	G	1
2677011	1609173	A	1
2677011	2676644	CC	1
2677011	777842	S	1
2677011	777817	R	1
2677013	2676638	C	1
2091236	2090878	A	1
2091238	2090875	T	1
2091240	777933	G	1
2091240	777917	T	1
2091240	777880	A	1
2091240	777842	G	1
2091240	777832	A	1
2091242	777933	G	1
2091242	2090937	T	1
2091242	777893	T	1
2091242	777880	A	1
2091242	777842	G	1
2091242	777841	T	1
2091244	777933	G	1
2091244	777893	T	1
2091244	777880	A	1
2091244	777842	G	1
2091244	777841	T	1
2091244	2090829	A	1
2091246	777933	G	1
2091246	777893	T	1
2091246	777880	A	1
2091246	2090861	A	1
2091246	777842	G	1
2091246	777841	T	1
2091248	777933	G	1
2091248	2090910	G	1
2091248	777888	T	1
2091248	777880	A	1
2091248	777842	G	1
2091250	777933	G	1
2091250	777880	A	1
2091250	777842	G	1
2091250	2090825	A	1
2091252	777933	G	1
2091252	777880	A	1
2091252	777842	G	1
2091252	777828	C	1
2091252	777827	T	1
2091254	777933	G	1
2091254	777880	A	1
2091254	2090890	AA	1
2091254	777842	G	1
2091254	2090845	A	1
2091256	777933	G	1
2091256	777909	T	1
2091256	777880	A	1
2091256	777842	G	1
2091258	777933	G	1
2091258	777880	A	1
2091258	777842	G	1
2091258	2090849	G	1
2677039	777933	G	1
2677039	777842	G	1
2677039	777841	T	1
2677041	777933	G	1
2677041	777893	T	1
2677041	777880	A	1
2677041	2676637	T	1
2677041	777842	G	1
2677041	777841	T	1
2677043	777933	G	1
2677043	777880	A	1
2677043	2676652	GGA(1)	1
2677043	777842	G	1
2677045	2676613	C	1
2677047	2676642	T	1
2677047	777819	T	1
2677049	2676699	G	1
2677051	777913	A	1
2677053	777933	G	1
2677053	777893	T	1
2677053	777880	A	1
2677053	777842	G	1
2677053	777841	T	1
2677053	2090845	T	1
3318539	777933	G	1
3318539	777880	A	1
3318539	777842	G	1
3318539	3318096	G	1
3318539	777812	T	1
5175550	5175088	T	1
5175552	777889	G	1
5175552	5175073	TT	1
5175554	777933	G	1
5175554	777893	T	1
5175554	777880	A	1
5175554	777842	G	1
5175554	777812	T	1
5409119	777876	T	1
5763832	777933	G	1
5763832	5763442	A	1
5763832	777842	G	1
5763832	777817	A	1
5998158	5997761	T	1
5998160	777933	G	1
5998160	777880	A	1
5998160	777842	G	1
5998160	777837	A	1
5998162	1103044	delTCT	1
5998162	5997804	T	1
5998164	5997750	T	1
5998166	777933	G	1
5998166	5997713	A	1
5998166	777880	A	1
5998166	777842	G	1
5998168	777933	G	1
5998168	5997724	A	1
5998168	777880	A	1
5998168	777842	G	1
5998170	777880	A	1
5998170	777842	G	1
5998170	777812	T	1
5998172	777828	C	1
5998172	777827	T	1
779392	779357	G	1
779392	779358	C	1
779392	779359	G	1
779392	779360	C	1
779392	779361	C	1
